{
  "x": [
    100,
    200,
    500,
    1000
  ],
  "xlabel": "Number of requests",
  "order": [
    "P2P",
    "RandPre",
    "Popularity",
    "BACG"
  ],
  "alpha": 0.7,
  "metrics": {
    "pull": {
      "P2P": [
        295.80175999999994,
        355.773,
        368.46590399999997,
        384.677552
      ],
      "RandPre": [
        166.5638984,
        268.9132032,
        257.17100576,
        281.60628712
      ],
      "Popularity": [
        168.4325448,
        245.98454480000004,
        257.35488704,
        296.30770312000004
      ],
      "BACG": [
        95.00085599999998,
        180.59340759999998,
        198.43095728000003,
        221.56590016
      ]
    },
    "bts": {
      "P2P": [
        128.2386,
        217.2495,
        230.9614,
        242.5325
      ],
      "RandPre": [
        87.06530000000001,
        163.61239999999998,
        179.5877,
        194.9383
      ],
      "Popularity": [
        80.9276,
        166.07979999999998,
        180.1125,
        199.1037
      ],
      "BACG": [
        74.24340000000001,
        163.2573,
        176.9674,
        188.5383
      ]
    },
    "gain": {
      "P2P": [
        0.0,
        0.0,
        0.0,
        0.0
      ],
      "RandPre": [
        12.923786159999995,
        17.37195936,
        55.647449119999976,
        103.07126487999997
      ],
      "Popularity": [
        12.736921519999996,
        21.957691039999997,
        55.555508479999986,
        88.36984887999995
      ],
      "BACG": [
        20.080090399999996,
        35.03591848000001,
        85.01747335999997,
        163.11165183999995
      ]
    }
  }
}