{
  "x": [
    0.6,
    0.8,
    1.0,
    1.2
  ],
  "xlabel": "Zipf skew $\\alpha$",
  "order": [
    "P2P",
    "RandPre",
    "Popularity",
    "BACG"
  ],
  "requests": 500,
  "metrics": {
    "pull": {
      "P2P": [
        398.390336,
        372.87748799999997,
        290.812816,
        251.51326400000002
      ],
      "RandPre": [
        309.13557376,
        293.66171904,
        237.11304352000002,
        188.7831584
      ],
      "Popularity": [
        289.11584208,
        267.17603248000006,
        178.34076416,
        127.36509216
      ],
      "BACG": [
        228.35949648,
        191.34376576,
        136.29668927999998,
        90.2101392
      ]
    },
    "bts": {
      "P2P": [
        231.8835,
        230.0988,
        224.2464,
        221.1612
      ],
      "RandPre": [
        181.5596,
        176.7731,
        170.248,
        168.45520000000002
      ],
      "Popularity": [
        179.10070000000002,
        182.4247,
        176.9038,
        174.035
      ],
      "BACG": [
        177.88549999999998,
        176.09980000000002,
        170.25140000000002,
        167.16420000000002
      ]
    },
    "gain": {
      "P2P": [
        0.0,
        0.0,
        0.0,
        0.0
      ],
      "RandPre": [
        44.62738112,
        39.60788447999998,
        26.849886239999993,
        31.36505280000002
      ],
      "Popularity": [
        54.63724696000002,
        52.85072775999995,
        56.23602592,
        62.07408592000001
      ],
      "BACG": [
        85.01541976,
        90.76686111999997,
        77.25806336,
        80.6515624
      ]
    }
  }
}